{
  "thresholds": [
    0.25000000000000006,
    0.4700000000000001,
    0.28
  ],
  "f1_scores": [
    0.6410256410256411,
    0.7816091954022989,
    0.7192982456140351
  ],
  "epoch": 35
}