{
  "type": "focal_loss",
  "gamma": 2.0,
  "alpha": [
    1.0687830687830688,
    35.43859649122807,
    0.4980276134122288
  ]
}