{
  "thresholds": [
    0.30000000000000004,
    0.27,
    0.1
  ],
  "f1_scores": [
    0.5753424657534246,
    0.8,
    0.6962962962962963
  ],
  "epoch": 30
}