{
  "timestamp": "2026-01-06T15:48:48.029168",
  "total_samples": 1263,
  "train_samples": 1010,
  "val_samples": 253,
  "missing_images": 1,
  "conflict_samples": 2,
  "best_val_score": 0.5536873033239385,
  "final_metrics": {
    "shape_macro_f1": 0.6122037660344039,
    "coat_macro_f1": 0.4951708406134731,
    "combined_score": 0.5536873033239385
  }
}